coursePrefix,courseNum,fee,section,credits,prof,title,days,times,building,room,days2,times2,building2,room2
ALS,5156,0,10361,3,Jennifer Weeks,Agricultural Ecology Principles and Applications,,,,,,,,
ALS,5156,0,10362,3,Jennifer Weeks,Agricultural Ecology Principles and Applications,,,,,,,,
ALS,5156,0,10363,3,Jennifer Weeks,Agricultural Ecology Principles and Applications,,,,,,,,
PCB,5338,0,21168,3,Jeremy Lichstein,Principles of Ecosystem Ecology,W,4-5,,,F,4,,
FAS,5901,0,14856,2,William Lindberg,Scientific Thinking in Ecology,W,2-3,,,,,,
EES,6007,0,25734,3,Katherine Deliz Quinones,Advanced Energy and Environment,,,,,,,,
EES,6007,0,28471,3,Katherine Deliz Quinones,Advanced Energy and Environment,,,,,,,,
EES,6007,0,28472,3,Katherine Deliz Quinones,Advanced Energy and Environment,,,,,,,,
PCB,5415C,0,21358,4,Rebecca Kimball,Behavioral Ecology,"M,W",6-7,,,,,,
WIS,6468C,0,23110,3,Robert Fletcher,Pattern and Process in Landscape Ecology,,,,,R,7-8,,
ZOO,6927,0,20185,2,Edward Stanley,Special Topics in Zoology: CT FOR BIOLOGISTS,M,4-5,,,,,,
ZOO,6927,0,20194,1,"Nicoletta Cellinese,Robert Guralnick,Pamela Soltis,Douglas Soltis,Lucas Majure",Special Topics in Zoology: PHYLOGENETICS SYS SEM,M,3,,,,,,
ZOO,6927,0,20196,VAR,Marta Wayne,Special Topics in Zoology: SPECIAL TOPICS,,,,,,,,
ZOO,6927,0,26586,3,Edward Braun,"Special Topics in Zoology: Big Data,Sequence Capture Data",M,4,,,W,3-4,,
ZOO,6927,0,26697,4,Christopher Dutton,Special Topics in Zoology: Data Collection With Open Tec,"M,W",3-4,,,,,,
ZOO,6927,0,27036,2,Hua Yan,Special Topics in Zoology: Epigenetics and Human Disease,"M,W,F",2,,,,,,
ZOO,6927,0,27573,3,"Bruce Macfadden,Jonathan Bloch",Special Topics in Zoology: Vertebrate Paleontology,"W,F",3-4,,,,,,
ZOO,6927,0,28094,VAR,Marta Wayne,Special Topics in Zoology,,,,,,,,
ZOO,6927,0,28116,3,Jose Ponciano Castellanos,Special Topics in Zoology: How to save your experiments,"T,R",6-7,,,,,,
ZOO,6927,0,28407,1,Malcolm Maden,Special Topics in Zoology: Milestones in Development,R,4,,,,,,
ZOO,6927,0,28691,VAR,David Julian,Special Topics in Zoology: Research Scholarship Seminar,F,7,,,,,,
ENV,6932,0,13398,3,Timothy Townsend,Special Problems in Environmental Engineering: CONS/DEMO DEBRIS MGMT,,,,,,,,
ENV,6932,69.99,13399,3,Timothy Townsend,Special Problems in Environmental Engineering: CONS/DEMO DEBRIS MGMT,,,,,,,,
ENV,6932,0,22072,3,Myoseon Jang,Special Problems in Environmental Engineering: Atmospheric Chem & Physics,"M,W,F",2,,,,,,
ENV,6932,0,22141,3,Andrew Altieri,Special Problems in Environmental Engineering: Ecosystem Engineers,T,4,,,R,4-5,,
ENV,6932,0,25765,3,Katherine Todd-Brown,Special Problems in Environmental Engineering: Environmental Systems Dynamics,"M,W,F",8,,,,,,
ENV,6932,0,25766,3,Sara Behdad,Special Problems in Environmental Engineering: Sys Anlys 4 Sus Des & LC Dec,T,2-3,,,R,3,,
ENV,6932,0,27766,3,Katherine Todd-Brown,Special Problems in Environmental Engineering: Environmental Systems Dynamics,"M,W,F",8,NEB,0202,,,,
ENV,6932,0,27770,3,Sara Behdad,Special Problems in Environmental Engineering: Sys Anlys 4 Sus Des & LC Dec,,,,,T,2,NEB,0202
ENV,6932,0,27774,3,Andrew Altieri,Special Problems in Environmental Engineering: Ecosystem Engineers,,,,,T,4,NEB,0202
ENV,6932,0,28546,VAR,Myoseon Jang,Special Problems in Environmental Engineering: Atmospheric Chem & Physics,,,,,,,,
ENV,6932,0,28547,VAR,Myoseon Jang,Special Problems in Environmental Engineering: Atmospheric Chem & Physics,,,,,,,,
ENV,6932,0,28548,VAR,Andrew Altieri,Special Problems in Environmental Engineering: Ecosystem Engineers,,,,,,,,
ENV,6932,0,28549,VAR,Andrew Altieri,Special Problems in Environmental Engineering: Ecosystem Engineers,,,,,,,,
ENV,6932,0,28550,VAR,Sara Behdad,Special Problems in Environmental Engineering: Sys Anlys 4 Sus Des & LC Dec,,,,,,,,
ENV,6932,0,28551,VAR,Sara Behdad,Special Problems in Environmental Engineering: Sys Anlys 4 Sus Des & LC Dec,,,,,,,,
ENV,6932,0,28552,VAR,Katherine Todd-Brown,Special Problems in Environmental Engineering: Environmental Systems Dynamics,,,,,,,,
ENV,6932,0,28553,VAR,Katherine Todd-Brown,Special Problems in Environmental Engineering: Environmental Systems Dynamics,,,,,,,,
ENV,6932,0,28554,VAR,Timothy Townsend,Special Problems in Environmental Engineering: CONS/DEMO DEBRIS MGMT,,,,,,,,
ENY,6203,0,13011,3,Philip Hahn,Insect Ecology,"M,W,F",3,,,,,,
ENY,6203,0,13012,3,Philip Hahn,Insect Ecology,,,,,,,,
ENY,6203,0,13013,3,Philip Hahn,Insect Ecology,,,,,,,,
ENY,6203,0,13014,3,Philip Hahn,Insect Ecology,,,,,,,,
ENY,6203L,0,13015,1,Philip Hahn,Insect Ecology Laboratory,W,7-8,EYN,3118,,,,
ENY,6203L,0,13016,1,Philip Hahn,Insect Ecology Laboratory,,,,,,,,
ENY,6203L,0,13017,1,Philip Hahn,Insect Ecology Laboratory,,,,,,,,
ENY,6203L,0,13018,1,Philip Hahn,Insect Ecology Laboratory,,,,,,,,
FAS,6272,0,14878,3,Donald Behringer,Marine Ecological Processes,T,3-4,,,R,3,,
FAS,6272,0,14879,3,Donald Behringer,Marine Ecological Processes,,,,,,,,
FAS,6272,85.17,14880,3,Donald Behringer,Marine Ecological Processes,,,,,,,,
FAS,6272,85.17,14881,3,Donald Behringer,Marine Ecological Processes,,,,,,,,
FAS,6932,0,14434,3,William Patterson,Special Topics in Fisheries and Aquatic Sciences: BIOLOGY OF FISHES,,,,,,,,
FAS,6932,0,14435,3,William Patterson,Special Topics in Fisheries and Aquatic Sciences: BIOLOGY OF FISHES,,,,,,,,
FAS,6932,0,14611,3,Nicholas Funicelli,Special Topics in Fisheries and Aquatic Sciences: MARINE PROTECTED AREA,,,,,,,,
FAS,6932,0,14613,3,William Patterson,Special Topics in Fisheries and Aquatic Sciences: BIOLOGY OF FISHES,,,,,,,,
FAS,6932,0,14614,4,Vincent Lecours,Special Topics in Fisheries and Aquatic Sciences: SPATIAL SCIE/MAR ENVI,W,7-9,CSE,E222,R,3,,
FAS,6932,0,14615,3,William Patterson,Special Topics in Fisheries and Aquatic Sciences: BIOLOGY OF FISHES,,,,,,,,
FAS,6932,0,14616,3,Nicholas Funicelli,Special Topics in Fisheries and Aquatic Sciences: MARINE PROTECTED AREA,,,,,,,,
FAS,6932,0,14617,3,"Michael Kutyna,Douglas Marcinek,Lawrence Meyer",Special Topics in Fisheries and Aquatic Sciences: Research Divemaster,R,E1-E2,POOL,0002,,,,
FAS,6932,0,14618,3,Nicholas Funicelli,Special Topics in Fisheries and Aquatic Sciences: MARINE PROTECTED AREA,,,,,,,,
FAS,6932,0,14619,3,Lindsey Reisinger,Special Topics in Fisheries and Aquatic Sciences: FRESHWATER ECOLOGY,"M,W,F",7,,,,,,
FAS,6932,0,14644,3,Frank Asche,Special Topics in Fisheries and Aquatic Sciences: FISH & AQUA:ECONOMICS,T,9,,,,,,
FAS,6932,0,14645,3,Frank Asche,Special Topics in Fisheries and Aquatic Sciences: FISH & AQUA:ECONOMICS,,,,,,,,
FAS,6932,0,14646,3,Frank Asche,Special Topics in Fisheries and Aquatic Sciences: FISH & AQUA:ECONOMICS,,,,,,,,
FAS,6932,0,27976,4,Vincent Lecours,Special Topics in Fisheries and Aquatic Sciences: SPATIAL SCIE/MAR ENVI,W,7-9,,,R,3,,
FAS,6932,0,28353,VAR,Lindsey Reisinger,Special Topics in Fisheries and Aquatic Sciences: Freshwater Ecology,,,,,,,,
FAS,6932,0,28354,VAR,Lindsey Reisinger,Special Topics in Fisheries and Aquatic Sciences: Freshwater Ecology,,,,,,,,
FAS,6932,0,28687,VAR,Kai Lorenzen,Special Topics in Fisheries and Aquatic Sciences: Fisheries Management,,,,,,,,
LAS,6938,0,15068,3,Joel Correia,Seminar in Modern Latin American Studies: Land politics IN LA,W,5-7,GRI,0376,,,,
LAS,6938,0,15069,3,Glenn Galloway,Seminar in Modern Latin American Studies: DEVELOPMENT ADMINS,W,2-4,GRI,0376,,,,
LAS,6938,0,15094,3,Glenn Galloway,Seminar in Modern Latin American Studies: CONSERVATION/DEV PRAC,R,6-8,GRI,0376,,,,
LAS,6938,0,15095,3,Tanya Saunders,Seminar in Modern Latin American Studies: Black in the Americas,T,7-9,,,,,,
LAS,6938,0,15096,3,Robert Walker,Seminar in Modern Latin American Studies: Seminar on Amazonia,F,6-8,,,,,,
LAS,6938,0,15097,3,Berta Hernandez,Seminar in Modern Latin American Studies: Human Rights,W,5-7,,,,,,
LAS,6938,0,15098,3,Nicholas Vargas,Seminar in Modern Latin American Studies: Race and Latinxs,M,6-8,,,,,,
LAS,6938,0,15099,3,Maria Martinez Novo,Seminar in Modern Latin American Studies: Ind & Inter Alliances in LA,W,8-10,,,,,,
LAS,6938,0,15100,3,Maria Martinez Novo,Seminar in Modern Latin American Studies: Latin American Elites,R,9-11,,,,,,
LAS,6938,0,15101,3,Rebecca Williams,Seminar in Modern Latin American Studies: Qualitative Data Analysis,T,11-E2,,,,,,
LAS,6938,0,21185,3,Pablo Herrera Veitia,"Seminar in Modern Latin American Studies: Cuba: Race, Rev & Culture",F,3-5,,,,,,
LAS,6938,0,21574,3,Renata Serra,Seminar in Modern Latin American Studies: Fnd of Eco Development in LA,R,2-4,NPB,1001,,,,
LAS,6938,0,21639,3,Catherine Tucker,Seminar in Modern Latin American Studies: Coffee Culture,T,4,,,R,4-5,,
LAS,6938,0,22173,3,Joel Correia,Seminar in Modern Latin American Studies: Human Rights in LA,M,3-5,GRI,0376,,,,
LAS,6938,0,28701,3,Maria Martinez Novo,Seminar in Modern Latin American Studies: Ind & Inter Alliances in LA,W,8-10,,,,,,
LAS,6938,0,28734,3,Joel Correia,Seminar in Modern Latin American Studies: Human Rights in LA,M,3-5,,,,,,
SWS,5050,0,20720,3,"James Bonczek,Todd Osborne",Soils for Environmental Professionals,,,,,,,,
SWS,5050,0,20721,3,Todd Osborne,Soils for Environmental Professionals,,,,,,,,
SWS,5050,0,20722,3,Todd Osborne,Soils for Environmental Professionals,,,,,,,,
SWS,5050,0,20723,3,Todd Osborne,Soils for Environmental Professionals,,,,,,,,
SWS,5050,0,20750,3,Todd Osborne,Soils for Environmental Professionals,,,,,,,,
SWS,5050,0,20751,3,Todd Osborne,Soils for Environmental Professionals,,,,,,,,
SWS,5050,0,20752,3,Todd Osborne,Soils for Environmental Professionals,,,,,,,,
SWS,5050,0,20753,3,Todd Osborne,Soils for Environmental Professionals,,,,,,,,
SWS,5050,0,20754,3,Todd Osborne,Soils for Environmental Professionals,,,,,,,,
SWS,5305C,9.99,20849,3,Andrew Ogram,Soil Microbial Ecology,,,,,,,,
SWS,5305C,0,20850,3,Andrew Ogram,Soil Microbial Ecology,"T,R",3,,,"M,W",7-9,,
SWS,5305C,0,20851,3,Andrew Ogram,Soil Microbial Ecology,,,,,,,,
SWS,5305C,0,20852,3,Andrew Ogram,Soil Microbial Ecology,,,,,,,,
SWS,5305C,0,21719,3,Andrew Ogram,Soil Microbial Ecology,,,,,,,,
SWS,5305C,0,22259,3,Andrew Ogram,Soil Microbial Ecology,,,,,,,,
SWS,5305C,0,27998,3,Andrew Ogram,Soil Microbial Ecology,,,,,,,,
WIS,6934,0,20143,3,Sarah Ernest,Topics in Wildlife Ecology and Conservation: BIODIVERSITY: PATTERNS/PROCESS,T,7,,,R,7-8,,
WIS,6934,0,20144,2,"Sarah Ernest,Ethan White",Topics in Wildlife Ecology and Conservation: ECOL. DYNAMICS & FORECASTING,"T,R",5,,,,,,
WIS,6934,0,20145,3,Ethan White,Topics in Wildlife Ecology and Conservation: DATA CARPENTRY FOR BIOLOGISTS,T,8,,,F,5-6,,
WIS,6934,0,20146,3,Lee Burton,Topics in Wildlife Ecology and Conservation: WILDLIFE TRACKS & SIGN,,,,,,,,
WIS,6934,0,20156,VAR,Lee Burton,Topics in Wildlife Ecology and Conservation: WILDLIFE TRACKS & SIGN,,,,,,,,
WIS,6934,0,20157,VAR,Lee Burton,Topics in Wildlife Ecology and Conservation: WILDLIFE TRACKS & SIGN,,,,,,,,
WIS,6934,0,20159,3,Benjamin Baiser,Topics in Wildlife Ecology and Conservation: MULTIVARIATE STATS LIFESCIENCE,T,4,,,R,3-4,,
WIS,6934,0,20161,3,Peter Frederick,Topics in Wildlife Ecology and Conservation: WETLANDS MGMT. & RESTORATION,T,7,,,R,6-8,,
WIS,6934,0,20162,VAR,Lee Burton,Topics in Wildlife Ecology and Conservation: WILDLIFE TRACKS & SIGN,,,,,,,,
WIS,6934,0,21571,3,"Thomas Waltzek,Kuttichantran Subramaniam",Topics in Wildlife Ecology and Conservation: DISEASE AND WILDLIFE,"M,W,F",8,MCCC,0100,,,,
WIS,6934,0,22272,VAR,Lee Burton,Topics in Wildlife Ecology and Conservation,,,,,,,,
WIS,6934,0,22273,VAR,Lee Burton,Topics in Wildlife Ecology and Conservation,,,,,,,,
WIS,6934,0,27829,3,Benjamin Baiser,Topics in Wildlife Ecology and Conservation: Multivariate Stats LifeScience,T,4,,,R,3-4,,
WIS,6934,0,28213,2,"Robert Mccleery,Paul Taillie",Topics in Wildlife Ecology and Conservation: Remote Sensing App. in Ecology,,,,,T,4,,
WIS,6934,0,28560,3,Ethan White,Topics in Wildlife Ecology and Conservation: Data Carpentry for Biologists,T,8,,,F,5-6,,
WIS,6934,0,28717,VAR,"Jennifer Moore,William Pine",Topics in Wildlife Ecology and Conservation: App. Generalized Linear Models,,,,,,,,
ABE,5643C,0,10013,3,"Ray Huffaker,Rafael Munoz-Carpena,Gregory Kiker",Biological Systems Modeling,"T,R",3,,,W,8-10,,
ABE,5643C,0,28466,3,"Ray Huffaker,Gregory Kiker,Rafael Munoz-Carpena",Biological Systems Modeling,"T,R",3,,,,,,
ANG,6930,0,21756,3,Kim Valenta,Special Topics in Anthropology: Primate Conservation,W,4-5,,,F,4,,
ANG,6930,0,25756,3,Valerie Deleon,Special Topics in Anthropology: Human Embryology,T,4,,,R,4-5,,
ANG,6930,0,25864,3,Steven Brandt,Special Topics in Anthropology: Stone Age Africa,T,3,,,R,3-4,,
ANG,6930,0,25866,3,Daniel Contreras,Special Topics in Anthropology: GIS for Archaeology,T,3,,,R,3-4,,
ANG,6930,0,25869,3,Daniel Contreras,Special Topics in Anthropology: Geoarchaeology,T,7-9,,,,,,
ANG,6930,0,25890,3,Katherine Grillo,Special Topics in Anthropology: Ethnoarchaeology & Exp Arch,W,4-6,,,,,,
ANG,6930,0,25921,3,Augusto Oyuela-Caycedo,Special Topics in Anthropology: Catastrophes,R,8-10,,,,,,
ANG,6930,0,25939,3,Michael Heckenberger,Special Topics in Anthropology: Urban Anthro/Space,M,8-10,,,,,,
ANG,6930,0,25943,3,Alix Johnson,"Special Topics in Anthropology: Gender,Sex & Ethnograph Fldwrk",M,6,,,W,6-7,,
ANG,6930,0,26006,VAR,Richard Kernaghan,Special Topics in Anthropology: Roads and Road Publics,W,5-7,,,,,,
ANG,6930,0,26024,3,Marit Ostebo,Special Topics in Anthropology: Dissertation Writing,T,9-11,,,,,,
ANG,6930,0,26030,3,Catherine Tucker,Special Topics in Anthropology: Coffee Culture,T,4,TUR,L005,R,4-5,TUR,L005
ANG,6930,0,26078,3,Robin Wright,Special Topics in Anthropology: Myth and Ritual,T,4,,,R,4-5,,
ANG,6930,0,26981,3,Stephanie Bogart,Special Topics in Anthropology: Evolutionary Medicine,T,5,,,R,5-6,,
ANG,6930,0,27542,3,George Broadwell,Special Topics in Anthropology: Linguistic Field Methods,T,2-3,,,R,3,,
ANG,6930,0,27958,2,"Michelle Lefebvre,David Blackburn",Special Topics in Anthropology: Intro to Natural Hist Museums,"T,R",7,,,,,,
AOM,6932,0,10641,3,"Jonathan Watson,Celina Gomez,Ying Zhang",Special Topics in Agricultural Operations Management: ADV CONTRL ENVIR PLNT,,,,,,,,
AOM,6932,0,10642,VAR,,Special Topics in Agricultural Operations Management: SPECIAL TOPICS,,,,,,,,
BOT,6935,0,11716,1,"Nicoletta Cellinese,Pamela Soltis,Douglas Soltis,Lucas Majure",Special Topics: PHYLOGENETICS SYS SEMINAR,M,3,,,,,,
BOT,6935,0,11717,VAR,Marta Wayne,Special Topics,,,,,,,,
BOT,6935,0,21355,VAR,Francis Putz,Special Topics: TROPICAL CONSERVATION,R,E1,,,,,,
BOT,6935,0,22518,VAR,David Julian,Special Topics: RSRCH Scholarship Seminar,F,8,,,,,,
BOT,6935,0,23510,3,Matthew Gitzendanner,Special Topics: Computational Tools Rsrch Bio,"M,W,F",2,,,,,,
BOT,6935,0,28707,VAR,"Pamela Soltis,Douglas Soltis",Special Topics: Molecular Systematics,,,,,,,,
ENV,6935,0,13402,1,Chang-Yu Wu,Graduate Environmental Engineering Seminar: AIR POLLUTION SEMINAR,W,9,,,,,,
ENV,6935,0,13403,1,David Kaplan,Graduate Environmental Engineering Seminar: WETLANDS SEMINAR,,,,,,,,
ENV,6935,15,13404,1,David Kaplan,Graduate Environmental Engineering Seminar: WETLANDS SEMINAR,,,,,,,,
ENV,6935,15,13405,1,Chang-Yu Wu,Graduate Environmental Engineering Seminar: AIR POLLUTION SEMINAR,,,,,,,,
ENV,6935,0,13432,1,Chang-Yu Wu,Graduate Environmental Engineering Seminar: AIR POLLUTION SEMINAR,,,,,,,,
ENV,6935,0,13433,1,David Kaplan,Graduate Environmental Engineering Seminar: WETLAND SEMINAR,W,5,,,,,,
ENV,6935,0,28239,1,Michael Annable,Graduate Environmental Engineering Seminar,,,,,,,,
ENY,6166,0,12989,3,"Andrea Lucky,Jason Williams",Insect Classification,,,,,,,,
ENY,6166,0,12990,3,"Andrea Lucky,Jason Williams",Insect Classification,,,,,,,,
ENY,6166,0,12991,3,"Andrea Lucky,Jason Williams",Insect Classification,,,,,,,,
ENY,6166,0,13009,3,"Andrea Lucky,Jason Williams",Insect Classification,,,,,,,,
ENY,6166,0,13010,3,"Andrea Lucky,Jason Williams",Insect Classification,,,,,,,,
FOR,6154,85.17,14582,3,Wendell Cropper,Analysis of Forest Ecosystems,,,,,,,,
FOR,6154,0,14583,3,Wendell Cropper,Analysis of Forest Ecosystems,,,,,,,,
FOR,6154,85.17,14584,3,Wendell Cropper,Analysis of Forest Ecosystems,,,,,,,,
FOR,6154,0,14585,3,Wendell Cropper,Analysis of Forest Ecosystems,,,,,,,,
FOR,6934,0,14629,1,Jason Smith,Topics in Forest Resources and Conservation: Take a Hike,,,,,,,,
FOR,6934,0,14630,3,Alison Adams,Topics in Forest Resources and Conservation: Environment and Society,W,4-6,,,,,,
FOR,6934,0,14631,3,Scott Sager,Topics in Forest Resources and Conservation: FIELD OPS MGMT ECOSYS,M,4-9,CSE,E119,,,,
FOR,6934,0,14635,3,Jason Vogel,Topics in Forest Resources and Conservation: FOREST ECO RESILIENCE,,,,,,,,
FOR,6934,0,21771,3,Jason Vogel,Topics in Forest Resources and Conservation: FOREST ECO RESILIENCE,,,,,,,,
FOR,6934,0,26713,3,Mysha Clarke,Topics in Forest Resources and Conservation: Social Sci Res Methods for NR,T,3-4,,,,,,
FOR,6934,0,27217,3,Chelsey Crandall,Topics in Forest Resources and Conservation: Conservation Behavior for Prac,,,,,,,,
FOR,6934,0,27218,3,Chelsey Crandall,Topics in Forest Resources and Conservation: Conservation Behavior for Prac,,,,,,,,
FOR,6934,0,27219,3,Chelsey Crandall,Topics in Forest Resources and Conservation: Conservation Behavior for Prac,,,,,,,,
FOR,6934,0,27927,3,Michael Andreu,Topics in Forest Resources and Conservation: Dendrology,,,,,,,,
HOS,6932,0,14048,3,Gerardo Nunez Villegas,Special Topics: Horticultural Physiology,"M,W,F",5,,,,,,
HOS,6932,0,28594,1,Carlos Vallejos,Special Topics: PROPOSAL PREPARATION,M,7,,,,,,
HOS,6932,0,26688,VAR,,Special Topics: plant communities fl panhandle,,,,,,,,
HOS,6932,0,27671,VAR,Gail Hansen De Chapman,Special Topics: Resident Lscape Des,"M,W",9-10,,,,,,
PHC,6937,0,27210,VAR,Ashby Walker,Special Topics in Public Health: Social Stratification & Health,,,,,,,,
PHC,6937,0,27697,VAR,Ashby Walker,Special Topics in Public Health: Social Stratification & Health,,,,,,,,
PHC,6937,0,18815,3,Deepthi Varma,Special Topics in Public Health: Maternal & Child Epidemiology,M,2-4,,,,,,
PHC,6937,0,18816,1,Robert Leeman,Special Topics in Public Health: Seminar: Alcohol HIV,R,5,,,,,,
PHC,6937,0,26437,3,Huaizhen Qin,Special Topics in Public Health: Population Genetics,M,6-8,,,,,,
PHC,6937,0,18780,VAR,Subharup Guha,Special Topics in Public Health: Analysis of Multivariate Data,M,5,,,W,5-6,,
PHC,6937,0,18335,VAR,John Lednicky,Special Topics in Public Health: VIROLOGY PUBLIC HEALTH,T,3,,,R,3-4,,
PHC,6937,0,21463,VAR,John Lednicky,Special Topics in Public Health: VIROLOGY PUBLIC HEALTH,T,3,,,R,3-4,,
PHC,6937,0,21751,VAR,,Special Topics in Public Health: INDEPENDENT STUDY,,,,,,,,
PHC,6937,0,28045,VAR,John Lednicky,Special Topics in Public Health: VIROLOGY PUBLIC HEALTH,T,3,,,R,3-4,,
SWS,5115,0,22947,3,Samira Daroub,Environmental Nutrient Management,,,,,,,,
SWS,5115,0,22948,3,Samira Daroub,Environmental Nutrient Management,,,,,,,,
SWS,5115,0,22949,3,Samira Daroub,Environmental Nutrient Management,,,,,,,,
SWS,5115,0,22950,3,Samira Daroub,Environmental Nutrient Management,,,,,,,,
SWS,5115,0,27446,3,Samira Daroub,Environmental Nutrient Management,,,,,,,,
SWS,6932,0,20675,1,Mark Clark,Topics in Soils: WETLANDS SEMINAR,,,,,,,,
SWS,6932,0,20676,1,Vimala Nair,Topics in Soils: SCIENTIFIC WRITING,R,2,,,,,,
SWS,6932,0,20677,3,Yang Lin,Topics in Soils: FOREST/SOIL ECO SERV,,,,,,,,
SWS,6932,0,20678,3,Yang Lin,Topics in Soils: FOREST/SOIL ECO SERV,,,,,,,,
SWS,6932,0,20679,3,Yang Lin,Topics in Soils: FOREST/SOIL ECO SERV,,,,,,,,
SWS,6932,0,20680,1,Mark Clark,Topics in Soils: WETLANDS SEMINAR,W,5,,,,,,
SWS,6932,0,20681,1,Mark Clark,Topics in Soils: WETLANDS SEMINAR,,,,,,,,
SWS,6932,0,20706,2,Kanika Inglett,Topics in Soils: MATH FOR ENV PROFESSIONALS,,,,,,,,
SWS,6932,0,20707,2,Kanika Inglett,Topics in Soils: MATH FOR ENV PROFESSIONALS,,,,,,,,
SWS,6932,0,20708,2,Kanika Inglett,Topics in Soils: MATH FOR ENV PROFESSIONALS,,,,,,,,
SWS,6932,0,20712,1,Mark Clark,Topics in Soils: WETLANDS SEMINAR,,,,,,,,
SWS,6932,0,21711,1,Mark Clark,Topics in Soils: WETLANDS SEMINAR,,,,,,,,
SWS,6932,0,28477,1,Vimala Nair,Topics in Soils: SCIENTIFIC WRITING,R,2,,,,,,
VME,6603,0,27155,3,Christopher Martyniuk,Advanced Toxicology,M,2-4,,,,,,
FAS,5203C,0,14855,4,William Patterson,Biology of Fishes,M,6-7,,,R,5,,
FAS,5335C,0,25999,4,Charles Cichra,Applied Fisheries Statistics,"T,R",3-4,,,,,,
SWS,6448,0,20584,3,"Kanika Inglett,Rameshwer Reddy",Biogeochemistry of Wetlands and Aquatic Systems,,,,,,,,
SWS,6448,0,20585,3,"Kanika Inglett,Rameshwer Reddy",Biogeochemistry of Wetlands and Aquatic Systems,,,,,,,,
SWS,6448,0,20586,3,"Kanika Inglett,Rameshwer Reddy",Biogeochemistry of Wetlands and Aquatic Systems,,,,,,,,
SWS,6448,0,20587,3,"Kanika Inglett,Rameshwer Reddy",Biogeochemistry of Wetlands and Aquatic Systems,"T,R",4,,,,,,
VME,6934,0,20261,VAR,"Mansour Zadeh,Andrew Cooper",Topics in Veterinary Medical Sciences: MUCOSAL IMM JRNL CLUB,F,5,,,,,,
VME,6934,0,22060,2,"Thomas Denagamage,Jorge Hernandez,Hannah Norton",Topics in Veterinary Medical Sciences: Sys Rev/Meta Analys Biomed Res,T,6-7,,,,,,
VME,6934,0,22113,VAR,Bonnie Gatson,Topics in Veterinary Medical Sciences: Sem in Vet Anes & Analgesia,M,1-2,,,,,,
VME,6934,0,26698,VAR,Adam Biedrzycki,Topics in Veterinary Medical Sciences: Medical 3D Printing,"M,W,F",3,,,,,,
VME,6934,0,26908,1,John Bowden,Topics in Veterinary Medical Sciences: Intro to Water Analysis,R,4,,,,,,
VME,6934,0,26986,VAR,Fiona Maunsell,Topics in Veterinary Medical Sciences: IDP Repro Seminar,,,,,,,,
VME,6934,0,27074,1,Penny Regier,Topics in Veterinary Medical Sciences: Adv SA Abdominal Surgery,,,,,,,,
VME,6934,0,28328,1,"Rhoel Dinglasan,Julie Moore,Kaci McCoy",Topics in Veterinary Medical Sciences: PLAGUE! Anat/ Pandemc Response,,,,,,,,
VME,6934,0,28017,VAR,,Topics in Veterinary Medical Sciences,,,,,,,,
VME,6934,0,28018,VAR,Jason Byrd,Topics in Veterinary Medical Sciences,,,,,,,,
VME,6934,0,28019,VAR,Terry Spencer,Topics in Veterinary Medical Sciences,,,,,,,,
AGR,5277C,0,10299,3,Gregory Macdonald,Tropical Crop Production,T,7,,,R,6-7,,
AGR,5277C,0,26877,3,Gregory Macdonald,Tropical Crop Production,T,7,,,R,6-7,,
AGR,5511,0,10300,3,Chris Wilson,Crop Ecology,,,,,,,,
AGR,5511,0,10302,3,Chris Wilson,Crop Ecology,,,,,,,,
AGR,5511,0,10303,3,Chris Wilson,Crop Ecology,,,,,,,,
AGR,5511,0,10305,3,Chris Wilson,Crop Ecology,,,,,,,,
AGR,6422C,0,10308,3,Jennifer Timmers,Environmental Crop Nutrition,,,,,,,,
AGR,6422C,0,10309,3,Jennifer Timmers,Environmental Crop Nutrition,,,,,,,,
AGR,6422C,0,10311,3,Jennifer Timmers,Environmental Crop Nutrition,,,,,,,,
AGR,6422C,0,10313,3,Jennifer Timmers,Environmental Crop Nutrition,,,,,,,,
AGR,6932,0,10317,VAR,,Topics in Agronomy,,,,,,,,
AGR,6932,0,22403,VAR,Lyn Gettys,"Topics in Agronomy: Supervised Extension, Agronomy",,,,,,,,
CHM,5224,0,11449,3,Aaron Aponick,Basic Principles for Organic Chemistry,"M,W,F",3,,,R,11-E1,,
CHM,5235,0,11450,3,Sandra Loesgen,Organic Spectroscopy,T,4-5,,,R,4,,
CHM,5275,0,11451,2,Stephen Miller,The Organic Chemistry of Polymers,"T,R",7,FLI,0050,,,,
CHM,6154,0,11454,3,Yong Zeng,Chemical Separations,"M,W,F",5,,,,,,
EES,6208,0,13450,3,Jean-Claude Bonzongo,Principles of Water Chemistry I,,,,,,,,
EES,6208,0,13939,3,Jean-Claude Bonzongo,Principles of Water Chemistry I,,,,,,,,
EES,6208,0,13941,3,Jean-Claude Bonzongo,Principles of Water Chemistry I,,,,,,,,
ENV,6508,0,25612,3,David Kaplan,Wetland Hydrology,T,7,,,R,7-8,,
ENV,6508,0,25615,3,David Kaplan,Wetland Hydrology,,,,,,,,
ENV,6508,0,25616,3,David Kaplan,Wetland Hydrology,,,,,,,,
GEO,6938,0,14276,VAR,Brian Child,Selected Topics in Geography: PEOPLE AND PARKS,F,3-5,,,,,,
GEO,6938,0,14278,VAR,Peter Waylen,Selected Topics in Geography: PRIN GEOGRAPH HYDROL,"M,W,F",6,,,,,,
GEO,6938,0,14279,VAR,Joann Mossa,Selected Topics in Geography: DROUGHTS,T,3,,,R,3-4,,
GEO,6938,0,14280,VAR,Moulay Sounny-Slitine,Selected Topics in Geography: GIS PROGRAMMING,,,,,,,,
GEO,6938,0,26288,VAR,Yujie Hu,Selected Topics in Geography: TRANSPORTATION GEO,F,7,,,W,7-8,,
GEO,6938,0,26815,VAR,Katherine Serafin,Selected Topics in Geography: MODELS IN GEOGRAPHIC HYDROLOGY,T,4,,,R,4-5,,
GLY,5246,0,14045,3,Paul Mueller,Geochemistry,"T,R",6-7,,,,,,
GLY,6075,0,22907,3,Ellen Martin,"Global Climate Change: Past, Present, and Future","T,R",3-4,,,,,,
SWS,5605C,0,22898,3,Peter Nkedi-Kizza,Environmental Soil Physics,,,,,T,6-8,,
SWS,5605C,0,22966,3,Peter Nkedi-Kizza,Environmental Soil Physics,,,,,,,,
SWS,5605C,0,22967,3,Peter Nkedi-Kizza,Environmental Soil Physics,,,,,,,,
SWS,5605C,0,28494,3,Peter Nkedi-Kizza,Environmental Soil Physics,,,,,,,,
LAS,6290,0,15062,3,Karen Kainer,Tropical Conservation and Development: Community Forest Management,R,4-6,,,,,,
SYA,7933,0,20428,3,Stephen Perz,Special Study in Sociology: PROF DEVEL SEMINAR,F,7-9,,,,,,
SYA,7933,0,20429,3,Charles Peek,Special Study in Sociology: INTRO.TO QUANT METHOD,M,5-7,,,,,,
SYA,7933,0,20455,3,Tamir Sorek,Special Study in Sociology: APPLIED THEORY,M,8-10,,,,,,
SYA,7933,0,20456,3,Tatyana Koropeckyj-Cox,Special Study in Sociology: POPULATION CONCEPTS,W,7-9,,,,,,
LAW,6465,0,15295,3,Thomas Ankersen,Conservation Clinic,R,,,,,,,
LAW,6465,0,15296,2,Thomas Ankersen,Conservation Clinic,R,,,,,,,
LAW,6930,0,15247,1,Darren Heitner,Selected Legal Probs: Sports Law,"M,T,W,R",,,,F,,,
LAW,6930,0,15252,1,Amy Borman,Selected Legal Probs: Florida Rules Judicial Admin,"M,T,W,R",-4,,,"M,T,W,R",,,
LAW,6930,0,15253,1,Michael Freed,Selected Legal Probs: Practical Law 21st Century,"M,T,W,R",,,,F,,,
LAW,6930,0,15304,1,Thomas Kay,Selected Legal Probs: Transactional Conservation Law,"T,W,R",,,,F,,,
LAW,6930,0,15306,1,Tara Tedrow,Selected Legal Probs: Medical Marijuana Law & Policy,"M,T,W",,,,M,-8,,
LAW,6930,0,20984,1,Vernon Denham,Selected Legal Probs: Deposition Strategy & Practice,"T,W,R,F",,,,M,,,
LAW,6930,0,26864,VAR,Sarah Wolking,Selected Legal Probs: Intro to Criminal Prosecution,F,,,,"M,T,W,R",,,
LAW,6930,0,15166,VAR,Sabrina Little,Selected Legal Probs: TAX MOOT COURT,,,,,,,,
LAW,6930,0,15167,VAR,Mary Angelo,Selected Legal Probs: ENV MOOT COURT,,,,,,,,
LAW,6930,0,15194,3,William Hamilton,Selected Legal Probs: COMPLX CIV LIT,"M,W",,,,R,,,
LAW,6930,0,15195,3,William Hamilton,Selected Legal Probs: EDISCOVER DIGITAL INV,"M,T,W",,,,,,,
LAW,6930,0,15196,2,Dennis Eisinger,Selected Legal Probs: CONDO & COMM DEVELOPM,R,,,,,,,
LAW,6930,0,15197,3,Katheryn Russell-Brown,"Selected Legal Probs: SOC SCI, CRIME & LAW","T,W,R",,HOL,0283,,,,
LAW,6930,0,15198,VAR,Joan Stearns Johnsen,Selected Legal Probs: ADR TEAM,,,,,,,,
LAW,6930,0,15248,2,SevaPriya Barrier,Selected Legal Probs: TITLE IX & CIVIL RIGHTS,T,,,,,,,
LAW,6930,0,15249,1,Amy Stein,Selected Legal Probs: ENV CAPSTONE COLLOQUIUM:ENERGY,T,,,,,,,
LAW,6930,0,15250,3,Annie Brett,Selected Legal Probs: OCEANS AND COASTAL LAW,M,,,,W,,,
LAW,6930,0,15276,2,Joan Stearns Johnsen,Selected Legal Probs: ARBITRATION LAW,M,-4,HOL,0283,,,,
LAW,6930,0,15279,2,Henry Wihnyk,Selected Legal Probs: PUBLIC SPEAKING FOR LAWYERS,T,,,,R,,,
LAW,6930,0,15303,2,Steven Maxwell,Selected Legal Probs: FOUNDATIONS IN LAW,F,,,,,,,
LAW,6930,0,20982,4,Danaya Wright,Selected Legal Probs: TRUSTS & ESTATES,"T,R",,,,W,,,
LAW,6930,0,20983,3,Wentong Zheng,Selected Legal Probs: Secured Transactions,"T,R",,HOL,0382,,,,
LAW,6930,49.92,20985,2,Steven Willis,Selected Legal Probs: ACCTG FOR LAWYERS,,,,,,,,
LAW,6930,0,20989,3,Robert Rhee,Selected Legal Probs: ACCTG FOR LAWYERS,,,,,,,,
LAW,6930,0,21144,3,D Sokol,Selected Legal Probs: LAW AND ENTREPRENEURSHIP,"M,W",,,,T,,,
LAW,6930,0,21145,4,Merritt McAlister,Selected Legal Probs: FEDERAL COURTS,M,,,,T,,,
LAW,6930,0,21231,3,Jennifer Bard,Selected Legal Probs: HEALTH LAW I,M,,,,R,,,
LAW,6930,0,21282,3,Mindy Herzfeld,Selected Legal Probs: INTERNATIONAL TAX,,,,,,,,
LAW,6930,0,21461,2,Lisa Edgar,Selected Legal Probs: BRIDGE TO PRACTICE,,,,,,,,
LAW,6930,0,21462,VAR,Lisa Edgar,Selected Legal Probs: SIP,,,,,,,,
LAW,6930,0,21499,3,Mark Fenster,Selected Legal Probs: LEGISLATION,"T,R",,,,F,,,
LAW,6930,0,26897,2,Steven Maxwell,Selected Legal Probs: Foundations in Law,W,,,,,,,
LAW,6936,0,15329,2,Grayson Mccouch,Seminars: Advanced Trusts & Estates,T,,,,,,,
LAW,6936,0,15330,2,Scott Makar,Seminars: APPELLATE LAW & POLIC,R,,,,,,,
LAW,6936,0,15331,2,Charles Collier,Seminars: 1ST AMENDMENT THEORY,R,,,,,,,
LAW,6936,0,20987,2,Michelle Jacobs,Seminars: Critical Race Theory,T,,,,,,,
LAW,6936,0,20988,2,Danaya Wright,Seminars: History of Women in the Law,W,,,,,,,
LAW,6936,0,21283,2,Berta Hernandez,Seminars: International Human Rights,W,,,,,,,
LAW,6936,0,21543,2,Lisa Edgar,Seminars: REG THEORY & REALITY,W,,,,,,,
LAW,6936,0,27916,2,Amy Stein,"Seminars: AI, Technology, and the Law",M,,,,,,,
LAW,6936,0,28497,2,Lee-Ford Tritt,Seminars: Organizational Theory and the,W,,,,,,,
ARC,6399,0,10829,3,Peter Sprowls,Advanced Topics in Urban Design: THE AMERICAN CITY,,,,,,,,
FAS,6355C,0,14429,4,Kai Lorenzen,Fisheries Management,"M,W",2-3,,,W,E1-E2,,
FAS,6355C,113.56,14430,4,Kai Lorenzen,Fisheries Management,,,,,,,,
FAS,6355C,0,14431,4,Kai Lorenzen,Fisheries Management,,,,,,,,
FAS,6355C,0,14432,4,Kai Lorenzen,Fisheries Management,,,,,,,,
FOR,6665,0,14600,3,Taylor Stein,Landscape Planning for Ecotourism,T,8-9,NZH,0222,R,9,NZH,0222
TTE,5006,0,20644,3,Sivaramakrishnan Srinivasan,Advanced Urban Transportation Planning,"M,W,F",5,,,,,,
TTE,5006,0,25930,3,Sivaramakrishnan Srinivasan,Advanced Urban Transportation Planning,,,,,,,,
TTE,5006,0,25934,3,Sivaramakrishnan Srinivasan,Advanced Urban Transportation Planning,,,,,,,,
TTE,5006,0,27769,3,Sivaramakrishnan Srinivasan,Advanced Urban Transportation Planning,"M,W,F",5,,,,,,
URP,6421,0,20772,3,Kathryn Frank,Environmental Land Use Planning and Management,R,3-5,,,,,,
URP,6716,0,20774,3,Ruth Steiner,Transportation Policy and Planning,T,2-4,,,,,,
AEB,6933,0,21605,VAR,James Seale,Special Topics: Advanced Econometrics,M,9,MCCA,G186,W,9-10,MCCB,G086
AEB,6933,0,22490,VAR,Olesya Savchenko,Special Topics: Econ of Env Policy & Sustain.,M,4,,,W,4-5,,
ANG,6273,0,27609,3,Richard Kernaghan,Legal Anthropology,T,3,,,R,3-4,,
INR,6039,0,22999,3,Zhiyuan Wang,International Political Economy,W,8-10,,,,,,
LAA,6382,0,14914,3,Michael Volk,Ecological and Environmental Policy,"T,R",2-3,,,,,,
LAS,6291,0,15064,3,Rebecca Williams,Conservation and Development Skills: COMM/LEADERSHIP SKILL,W,8-10,,,,,,
LAS,6291,0,28111,3,Jonathan Dain,Conservation and Development Skills: COMM/LEADERSHIP SKILL,T,3-5,,,,,,
LAS,6291,0,28697,3,Rebecca Williams,Conservation and Development Skills: COMM/LEADERSHIP SKILL,W,8-10,,,,,,
LAS,6291,0,28698,3,Rebecca Williams,Conservation and Development Skills: COMM/LEADERSHIP SKILL,W,8-10,,,,,,
MAN,6636,0,23000,2,Luiz Kabbach de Castro,Global Strategic Management,"M,W",3-4,,,,,,
MAN,6636,0,16633,2,John Chen,Global Strategic Management,"M,W",3-4,,,,,,
MAN,6636,0,16658,2,John Chen,Global Strategic Management,"M,W",5-6,,,,,,
PHC,6313,0,18819,VAR,Rachel Yoho,Environmental Health Concepts in Public Health,,,,,,,,
PHC,6313,0,18820,VAR,Rachel Yoho,Environmental Health Concepts in Public Health,,,,,,,,
PHC,6313,0,27203,VAR,Rachel Yoho,Environmental Health Concepts in Public Health,,,,,,,,
PUP,6006,0,19635,3,Michael Scicchitano,Policy Evaluation,F,2-4,,,,,,
PUP,6009,0,19636,3,Suzanne Mcdonald,Public Policy Analysis,M,8-10,,,,,,
FOR,6005,0,26602,3,Martha Monroe,Conservation Behavior,W,7-9,NZH,0219,,,,
MMC,6409,0,17937,3,Deborah Treise,Science/Health Communication,M,4-6,,,,,,
ALS,5932,0,10366,VAR,"Deborah Miller,Mack Thetford",Special Topics: PLANT COM. FL PANHAND,,,,,,,,
ALS,5932,0,27486,VAR,Alison Adams,Special Topics: Environment & Society,,,,,,,,
ANG,5266,0,27554,3,Brenda Chalfin,Economic Anthropology,R,7-9,,,,,,
ANG,5531,0,27619,3,Susan Defrance,Culture and Nutrition,M,7-9,,,,,,
ANG,6110,0,10442,3,Susan Gillespie,Archaeological Theory,W,3-5,,,,,,
GEO,6931,0,26295,3,Cynthia Simmons,Seminar in Cultural and Political Ecology,T,3-5,,,,,,
WST,6935,0,20132,VAR,Elizabeth Garcia,Special Topics in Women's Studies: Latina Feminist Thought,R,6-8,,,,,,
WST,6935,0,20134,VAR,Jodi Schorb,Special Topics in Women's Studies: Sexing the Past,R,9-11,,,,,,
WST,6935,0,21416,VAR,Jillian Hernandez,Special Topics in Women's Studies: Social Justice Praxis,M,6-8,,,,,,
WST,6935,0,26342,VAR,,Special Topics in Women's Studies,R,6-8,,,,,,
ANG,5164,0,25926,3,Oscar Prieto,The Inca and Their Ancestors,T,6-7,,,R,6,,
LAH,5934,0,27013,3,Max Deardorff,Topics in Latin American History: The Iberian Atlantic World,R,8-10,,,,,,
LAH,5934,0,27242,3,Fernanda Bretones Lane,Topics in Latin American History: History of Asylum Seeking,"M,W,F",7,,,,,,
FOR,6628,0,14599,3,Karen Kainer,Community Forest Management,R,4-6,,,,,,
GEA,6466,0,14453,3,Robert Walker,Seminar on Geography of Amazonia,F,6-8,,,,,,
GEB,6930,0,28790,3,Sahin Erenguc,Special Topics,,,,,,,,
GEB,6930,0,25809,2,Linda Clarke,Special Topics: DOING BUS. IN ASIA,"T,R",9-10,,,,,,
ICM,6680,0,15495,3,Charles Kibert,Principles of International Sustainable Construction,,,,,,,,
MAN,6930,0,25884,VAR,Joyce Bono,Special Topics: Motivation Attitude and Lead,,,,,,,,
MAN,6930,0,25806,3,Joyce Bono,Special Topics: Leading Change,,,,,,,,
MAN,6930,0,25807,3,Joyce Bono,Special Topics: Leading Change,,,,,,,,
MAN,6930,0,16712,VAR,Joyce Bono,Special Topics: Motivation Attitude and Lead,,,,,,,,
URP,6042,0,20734,3,Abhinav Alakshendra,Urban Economy,M,5-6,,,W,5,,
URP,6541,0,20773,3,Abhinav Alakshendra,Economic Development Planning,M,7-9,,,,,,
PHC,6001,0,18652,3,Catalina Lopez-Quintero,Principles of Epidemiology in Public Health,T,4-5,,,,,,
PHC,6001,0,18680,3,Kelly Gurka,Principles of Epidemiology in Public Health,,,,,,,,
PHC,6001,0,22309,3,Kelly Gurka,Principles of Epidemiology in Public Health,,,,,,,,
PHC,6001,0,22310,3,Kelly Gurka,Principles of Epidemiology in Public Health,,,,,,,,
PHC,6410,0,18308,3,"Lindsey King,Gaia Zori","Psychological, Behavioral, and Social Issues in Public Health",,,,,,,,
PHC,6410,0,18821,3,"Lindsey King,Gaia Zori","Psychological, Behavioral, and Social Issues in Public Health",,,,,,,,
PHC,6410,0,18822,3,"Lindsey King,Gaia Zori","Psychological, Behavioral, and Social Issues in Public Health",,,,,,,,
PHC,6410,0,18823,3,"Lindsey King,Gaia Zori","Psychological, Behavioral, and Social Issues in Public Health",,,,,,,,
PHC,6410,0,18824,3,"Lindsey King,Gaia Zori","Psychological, Behavioral, and Social Issues in Public Health",,,,,,,,
AEC,5454,0,10167,3,Nicole Stedman,Leadership Development for Extension and Community Nonprofit Organizations,M,8-10,,,,,,
DCP,6931,0,12665,VAR,Kathryn Frank,"Special Topics in Design, Construction, and Planning: DOCTORAL CORE 3",W,3-5,,,,,,
URP,6341,0,20771,VAR,"Seungbeom Kang,Emre Tepe",Urban Planning Project: URBAN PLAN PROJECT,"T,R",5-7,,,,,,
ANG,5485,0,10438,3,Jeffrey Johnson,Research Design in Anthropology,W,10-E1,,,,,,
FNR,5608,0,14513,3,"Wendell Cropper,Geraldine Klarenberg",Research Planning,F,2-3,,,,,,
FNR,5608,0,28512,3,"Wendell Cropper,Geraldine Klarenberg",Research Planning,,,,,,,,
FYC,6800,0,14866,3,Marilyn Swisher,Scientific Reasoning and Research Design,,,,,,,,
FYC,6800,0,14867,3,Marilyn Swisher,Scientific Reasoning and Research Design,,,,,,,,
FYC,6800,0,21021,3,Marilyn Swisher,Scientific Reasoning and Research Design,M,7-9,,,,,,
LAS,6293,0,15065,3,Rebecca Hanson,Design and Methods of Research in Latin American Studies,W,11-E2,GRI,0376,,,,
LAS,6293,0,28699,3,Rebecca Hanson,Design and Methods of Research in Latin American Studies,W,11-E2,,,,,,
WIS,5496,0,20337,3,Kathryn Sieving,Research Design in Wildlife Ecology,"T,R",7-8,,,,,,
WIS,5496,0,28253,3,Kathryn Sieving,Research Design in Wildlife Ecology,"T,R",7-8,,,,,,
AEB,6106,0,10180,3,Kelly Grogan,Microeconomic Principles and Analysis,T,4,MCCA,G186,R,4-5,MCCA,G186
BSC,6459,0,11538,3,Valerie De Crecy,Fundamentals of Bioinformatics,,,,,,,,
FAS,6337C,113.56,14427,4,Micheal Allen,Fish Population Dynamics,,,,,,,,
FAS,6337C,0,14428,4,Micheal Allen,Fish Population Dynamics,,,,,,,,
FAS,6337C,0,14882,4,Micheal Allen,Fish Population Dynamics,,,,,,,,
FAS,6337C,113.56,14883,4,Micheal Allen,Fish Population Dynamics,,,,,,,,
GIS,5107C,0,26350,4,Moulay Sounny-Slitine,Geographic Information Systems in Research,,,,,,,,
MET,6752,0,26273,3,Corene Matyas,Spatial Analysis of Atmospheric Data using GIS,,,,,,,,
MMC,6421,0,17938,3,Jay Hmielowski,Research Methods in Mass Communication,T,7-9,,,,,,
PHC,6050C,0,18715,3,Steven Foti,Biostatistical Methods I,T,6,,,F,6-7,,
PHC,6146,0,18757,3,Amy Blue,Public Health Program Planning and Evaluation,,,,,,,,
PHC,6146,0,18783,3,Amy Blue,Public Health Program Planning and Evaluation,,,,,,,,
PHC,6146,0,18784,3,Amy Blue,Public Health Program Planning and Evaluation,,,,,,,,
PHC,6146,0,18785,3,Amy Blue,Public Health Program Planning and Evaluation,R,7-9,,,,,,
STA,5325,0,19128,3,Rohit Patra,Fundamentals of Probability,T,7-8,,,R,8,,
STA,5325,0,19147,3,Sayar Karmakar,Fundamentals of Probability,"M,W,F",8,,,,,,
STA,5325,0,21438,3,Georgia Papadogeorgou,Fundamentals of Probability,"M,W,F",2,,,,,,
STA,6126,0,19154,3,Bikram Karmakar,Statistical Methods in Social Research I,"M,W,F",3,,,,,,
STA,6166,0,19155,3,Lawrence Winner,Statistical Methods in Research I,"M,W,F",3,,,,,,
STA,6166,0,19156,3,Brenda Betancourt,Statistical Methods in Research I,"M,W,F",7,,,,,,
STA,6167,0,19157,3,Lawrence Winner,Statistical Methods in Research II,T,4,,,R,4-5,,
SUR,5385,0,19264,3,Scot Smith,Remote Sensing Applications,W,8-10,RLA,0302,,,,
SWS,5721C,0,20349,3,Sabine Grunwald,GIS in Land Resource Management,T,10,,,,,,
SWS,5721C,0,20350,3,Sabine Grunwald,GIS in Land Resource Management,,,,,,,,
SWS,5721C,0,20351,3,Sabine Grunwald,GIS in Land Resource Management,,,,,,,,
SWS,5721C,0,20352,3,Sabine Grunwald,GIS in Land Resource Management,,,,,,,,
URP,6231,0,20738,3,Emre Tepe,Quantitative Data Analysis for Planners,M,2,,,W,2-3,,
URP,6270,0,20740,3,Yan Wang,Introduction to Planning Information Systems,T,7-9,,,,,,
URP,6905,0,20801,VAR,Christopher Silver,Exploration and Directed Study: SUSTAIN URBAN IN EURO,M,5-6,,,W,6,,
URP,6905,0,20804,VAR,,Exploration and Directed Study: EXPLOR & DIRECT STUDY,,,,,,,,
ZOO,6308,0,27553,3,Colette St Mary,Dynamic Optimization Modeling in Behavioral and Evolutionary Ecology,"T,R",3-4,,,,,,
PCB,6049,0,18966,1,Amanda Subalusky,Seminar in Ecology,F,8,CRR,0222,,,,
PCB,6695,0,18976,1,Stuart Mcdaniel,Seminar in Evolutionary Biology,F,9,CRR,0222,,,,
CPO,6091,0,12431,3,Bryon Moraski,Introduction to Comparative Political Analysis,R,5-7,FLI,0105,,,,
MMC,6400,0,17933,3,Kim Walsh-Childers,Mass Communication Theory,T,2-4,,,,,,
URP,6061,0,23552,3,Wm Hawkins,Planning Administration and Ethics,T,8,,,R,8-9,,
ECO,7415,0,23532,3,Scott Kostyshak,Statistical Methods in Economics,"M,W",7-8,,,,,,
ECO,7408,0,23531,VAR,David Knight,Mathematical Methods and Applications to Economics,"M,W",3-4,,,,,,
EDF,6403,0,12261,6,Anne Seraphine,Quantitative Foundations of Educational Research,"T,R",8-10,,,,,,
EDF,6403,0,27984,6,Anne Seraphine,Quantitative Foundations of Educational Research,,,,,,,,
PCB,6555,0,26742,3,"Marcio Ribeiro De Resende,Matias Kirst,Luis Ferrao",Introduction to Quantitative Genetics,T,3,,,R,2-3,,
PCB,6555,0,26972,3,"Matias Kirst,Marcio Ribeiro De Resende,Luis Ferrao",Introduction to Quantitative Genetics,T,3,,,R,2-3,,
STA,5503,0,19150,3,Demetris Athienitis,Categorical Data Methods,T,4,,,R,4-5,,
STA,6207,0,19160,3,Lawrence Winner,Regression Analysis,"M,W,F",1,,,,,,
